,cluster,WCSS_Score,Silhouette_Score
0,3,106348.37306211119,0.46761358158775435
1,4,73880.64496247195,0.4937945814354117
2,5,44454.47647967974,0.5532176107575425
3,6,37233.81451071001,0.53976103063432
4,7,31924.23890692641,0.4544116530735583
5,8,27708.084423843247,0.49992076957853
